Epoch,Generator_Loss,Discriminator_Loss
1,4.533111978938511,1.0000719474499355
2,3.5412904546380424,0.9773903693308061
3,3.5550263124570773,0.9580428681098792
4,3.481934688261759,0.9624002803924117
5,3.3285233219379804,0.9448031389662398
6,3.2739379026210425,0.9396855294895274
7,3.3130206303828045,0.9483232862984994
8,3.414972827108845,0.8989871845619402
9,3.574834521800248,0.8797023290949163
10,3.4750426889992574,0.8568189797750023
11,3.598377781336692,0.8495386643623466
12,3.709502095298935,0.8325336858582472
13,3.772042448867983,0.8190861300126975
14,3.818042913553173,0.7758839002859121
15,3.949660029616147,0.767283989309374
16,3.9931797277870147,0.748096503436629
17,4.029808510870155,0.7348220125079282
18,3.9500445267911144,0.7426709915683262
19,4.016797956178639,0.739464431428604
20,4.031261210030655,0.722287308412784
21,4.118321322580539,0.7109255836511243
22,4.1651220882715005,0.682023505295608
23,4.192984126388963,0.6907725288048625
24,4.1916005956834,0.6575648955754307
25,4.192720206595536,0.6758890631613634
26,4.3394801743257005,0.6500021041775462
27,4.37448287948473,0.6544816128853927
28,4.36639741365276,0.6249950010977534
29,4.4449970404137416,0.6242669295666694
30,4.4952221680094615,0.6001655898646331
